university_key	university_name	university_province
UNI0001	三亚中瑞酒店管理职业学院	海南
UNI0002	三亚城市职业学院	海南
UNI0003	三亚学院	海南
UNI0004	三亚理工职业学院	海南
UNI0005	三亚航空旅游职业学院	海南
UNI0006	三峡大学	湖北
UNI0007	三峡大学科技学院	湖北
UNI0008	三峡旅游职业技术学院	湖北
UNI0009	三峡电力职业学院	湖北
UNI0010	三明医学科技职业学院	福建
UNI0011	三明学院	福建
UNI0012	三江学院	江苏
UNI0013	三门峡职业技术学院	河南
UNI0014	上海东海职业技术学院	上海
UNI0015	上海中侨职业技术大学	上海
UNI0016	上海中医药大学	上海
UNI0017	上海交通大学	上海
UNI0018	上海交通职业技术学院	上海
UNI0019	上海体育学院	上海
UNI0020	上海健康医学院	上海
UNI0021	上海农林职业技术学院	上海
UNI0022	上海出版印刷高等专科学校	上海
UNI0023	上海商学院	上海
UNI0024	上海城建职业学院	上海
UNI0025	上海外国语大学	上海
UNI0026	上海外国语大学贤达经济人文学院	上海
UNI0027	上海大学	上海
UNI0028	上海对外经贸大学	上海
UNI0029	上海工商外国语职业学院	上海
UNI0030	上海工商职业技术学院	上海
UNI0031	上海工程技术大学	上海
UNI0032	上海师范大学	上海
UNI0033	上海师范大学天华学院	上海
UNI0034	上海应用技术大学	上海
UNI0035	上海建桥学院	上海
UNI0036	上海思博职业技术学院	上海
UNI0037	上海政法学院	上海
UNI0038	上海旅游高等专科学校	上海
UNI0039	上海杉达学院	上海
UNI0040	上海民航职业技术学院	上海
UNI0041	上海济光职业技术学院	上海
UNI0042	上海海事大学	上海
UNI0043	上海海事职业技术学院	上海
UNI0044	上海海关学院	上海
UNI0045	上海海洋大学	上海
UNI0046	上海理工大学	上海
UNI0047	上海电力大学	上海
UNI0048	上海电子信息职业技术学院	上海
UNI0049	上海电机学院	上海
UNI0050	上海科学技术职业学院	上海
UNI0051	上海科技大学	上海
UNI0052	上海立信会计金融学院	上海
UNI0053	上海立达学院	上海
UNI0054	上海第二工业大学	上海
UNI0055	上海纽约大学	上海
UNI0056	上海行健职业学院	上海
UNI0057	上海财经大学	上海
UNI0058	上海财经大学浙江学院	浙江
UNI0059	上海邦德职业技术学院	上海
UNI0060	上海震旦职业学院	上海
UNI0061	上饶师范学院	江西
UNI0062	上饶幼儿师范高等专科学校	江西
UNI0063	上饶职业技术学院	江西
UNI0064	东北农业大学	黑龙江
UNI0065	东北大学	辽宁
UNI0066	东北大学秦皇岛分校	河北
UNI0067	东北师范大学	吉林
UNI0068	东北师范大学人文学院	吉林
UNI0069	东北林业大学	黑龙江
UNI0070	东北电力大学	吉林
UNI0071	东北石油大学	黑龙江
UNI0072	东北财经大学	辽宁
UNI0073	东华大学	上海
UNI0074	东华理工大学	江西
UNI0075	东华理工大学长江学院	江西
UNI0076	东南大学	江苏
UNI0077	东南大学成贤学院	江苏
UNI0078	东莞理工学院	广东
UNI0079	东莞理工学院城市学院	广东
UNI0080	东莞职业技术学院	广东
UNI0081	中北大学	山西
UNI0082	中北大学信息商务学院	山西
UNI0083	中华女子学院	北京
UNI0084	中南大学	湖南
UNI0085	中南林业科技大学	湖南
UNI0086	中南林业科技大学涉外学院	湖南
UNI0087	中南民族大学	湖北
UNI0088	中南财经政法大学	湖北
UNI0089	中原工学院	河南
UNI0090	中原工学院信息商务学院	河南
UNI0091	中国人民公安大学	北京
UNI0092	中国人民大学	北京
UNI0093	中国人民大学（苏州校区）	江苏
UNI0094	中国人民解放军战略支援部队信息工程大学	河南
UNI0095	中国人民解放军陆军工程大学	江苏
UNI0096	中国人民警察大学	河北
UNI0097	中国传媒大学	北京
UNI0098	中国传媒大学南广学院	江苏
UNI0099	中国农业大学	北京
UNI0100	中国刑事警察学院	辽宁
UNI0101	中国劳动关系学院	北京
UNI0102	中国医科大学	辽宁
UNI0103	中国地质大学（北京）	北京
UNI0104	中国地质大学（武汉）	湖北
UNI0105	中国政法大学	北京
UNI0106	中国民用航空飞行学院	四川
UNI0107	中国民航大学	天津
UNI0108	中国海洋大学	山东
UNI0109	中国消防救援学院	北京
UNI0110	中国石油大学胜利学院	山东
UNI0111	中国石油大学（北京）	北京
UNI0112	中国石油大学（北京）克拉玛依校区	新疆
UNI0113	中国石油大学（华东）	山东
UNI0114	中国矿业大学	江苏
UNI0115	中国矿业大学徐海学院	江苏
UNI0116	中国矿业大学银川学院	宁夏
UNI0117	中国矿业大学（北京）	北京
UNI0118	中国社会科学院大学	北京
UNI0119	中国科学技术大学	安徽
UNI0120	中国药科大学	江苏
UNI0121	中国计量大学	浙江
UNI0122	中国计量大学现代科技学院	浙江
UNI0123	中国青年政治学院	北京
UNI0124	中央司法警官学院	河北
UNI0125	中央戏剧学院	北京
UNI0126	中央民族大学	北京
UNI0127	中央财经大学	北京
UNI0128	中山大学	广东
UNI0129	中山大学南方学院	广东
UNI0130	中山大学新华学院	广东
UNI0131	中山火炬职业技术学院	广东
UNI0132	中山职业技术学院	广东
UNI0133	临夏现代职业学院	甘肃
UNI0134	临汾职业技术学院	山西
UNI0135	临沂大学	山东
UNI0136	丽水学院	浙江
UNI0137	丽水职业技术学院	浙江
UNI0138	丽江师范高等专科学校	云南
UNI0139	义乌工商职业技术学院	浙江
UNI0140	乌鲁木齐职业大学	新疆
UNI0141	乐山师范学院	四川
UNI0142	乐山职业技术学院	四川
UNI0143	九州职业技术学院	江苏
UNI0144	九江学院	江西
UNI0145	九江职业大学	江西
UNI0146	九江职业技术学院	江西
UNI0147	云南中医药大学	云南
UNI0148	云南交通职业技术学院	云南
UNI0149	云南农业大学	云南
UNI0150	云南农业职业技术学院	云南
UNI0151	云南医药健康职业学院	云南
UNI0152	云南国土资源职业学院	云南
UNI0153	云南国防工业职业技术学院	云南
UNI0154	云南城市建设职业学院	云南
UNI0155	云南外事外语职业学院	云南
UNI0156	云南大学	云南
UNI0157	云南大学旅游文化学院	云南
UNI0158	云南大学滇池学院	云南
UNI0159	云南工商学院	云南
UNI0160	云南工程职业学院	云南
UNI0161	云南师范大学	云南
UNI0162	云南师范大学商学院	云南
UNI0163	云南师范大学文理学院	云南
UNI0164	云南机电职业技术学院	云南
UNI0165	云南林业职业技术学院	云南
UNI0166	云南民族大学	云南
UNI0167	云南特殊教育职业学院	云南
UNI0168	云南经济管理学院	云南
UNI0169	云南能源职业技术学院	云南
UNI0170	云南艺术学院	云南
UNI0171	云南警官学院	云南
UNI0172	云南财经大学	云南
UNI0173	云南财经职业学院	云南
UNI0174	五邑大学	广东
UNI0175	井冈山大学	江西
UNI0176	亳州学院	安徽
UNI0177	仙桃职业学院	湖北
UNI0178	仲恺农业工程学院	广东
UNI0179	伊春职业学院	黑龙江
UNI0180	伊犁师范大学	新疆
UNI0181	佛山科学技术学院	广东
UNI0182	佳木斯大学	黑龙江
UNI0183	保定学院	河北
UNI0184	保定幼儿师范高等专科学校	河北
UNI0185	保定理工学院	河北
UNI0186	保定电力职业技术学院	河北
UNI0187	保山学院	云南
UNI0188	保险职业学院	湖南
UNI0189	信阳学院	河南
UNI0190	信阳师范学院	河南
UNI0191	信阳职业技术学院	河南
UNI0192	公安海警学院	浙江
UNI0193	六盘水师范学院	贵州
UNI0194	兰州交通大学	甘肃
UNI0195	兰州交通大学博文学院	甘肃
UNI0196	兰州外语职业学院	甘肃
UNI0197	兰州大学	甘肃
UNI0198	兰州工业学院	甘肃
UNI0199	兰州文理学院	甘肃
UNI0200	兰州理工大学	甘肃
UNI0201	兰州理工大学技术工程学院	甘肃
UNI0202	兰州石化职业技术学院	甘肃
UNI0203	兰州职业技术学院	甘肃
UNI0204	兰州财经大学	甘肃
UNI0205	兰州财经大学长青学院	甘肃
UNI0206	兰州财经大学陇桥学院	甘肃
UNI0207	兰州资源环境职业技术学院	甘肃
UNI0208	共青科技职业学院	江西
UNI0209	兴义民族师范学院	贵州
UNI0210	内江师范学院	四川
UNI0211	内蒙古交通职业技术学院	内蒙古
UNI0212	内蒙古农业大学	内蒙古
UNI0213	内蒙古医科大学	内蒙古
UNI0214	内蒙古商贸职业学院	内蒙古
UNI0215	内蒙古大学	内蒙古
UNI0216	内蒙古大学创业学院	内蒙古
UNI0217	内蒙古工业大学	内蒙古
UNI0218	内蒙古师范大学	内蒙古
UNI0219	内蒙古建筑职业技术学院	内蒙古
UNI0220	内蒙古机电职业技术学院	内蒙古
UNI0221	内蒙古民族大学	内蒙古
UNI0222	内蒙古电子信息职业技术学院	内蒙古
UNI0223	内蒙古科技大学	内蒙古
UNI0224	内蒙古科技大学包头医学院	内蒙古
UNI0225	内蒙古科技大学包头师范学院	内蒙古
UNI0226	内蒙古艺术学院	内蒙古
UNI0227	内蒙古财经大学	内蒙古
UNI0228	内蒙古鸿德文理学院	内蒙古
UNI0229	凯里学院	贵州
UNI0230	包头钢铁职业技术学院	内蒙古
UNI0231	包头铁道职业技术学院	内蒙古
UNI0232	北京中医药大学	北京
UNI0233	北京中医药大学东方学院	河北
UNI0234	北京交通大学	北京
UNI0235	北京交通大学海滨学院	河北
UNI0236	北京体育大学	北京
UNI0237	北京信息科技大学	北京
UNI0238	北京农学院	北京
UNI0239	北京化工大学	北京
UNI0240	北京协和医学院	北京
UNI0241	北京印刷学院	北京
UNI0242	北京吉利学院	北京
UNI0243	北京城市学院	北京
UNI0244	北京外国语大学	北京
UNI0245	北京大学	北京
UNI0246	北京大学医学部	北京
UNI0247	北京工业大学	北京
UNI0248	北京工业大学耿丹学院	北京
UNI0249	北京工业职业技术学院	北京
UNI0250	北京工商大学	北京
UNI0251	北京工商大学嘉华学院	北京
UNI0252	北京师范大学	北京
UNI0253	北京师范大学-香港浸会大学联合国际学院	广东
UNI0254	北京师范大学珠海分校	广东
UNI0255	北京建筑大学	北京
UNI0256	北京服装学院	北京
UNI0257	北京林业大学	北京
UNI0258	北京民族大学	北京
UNI0259	北京汇佳职业学院	北京
UNI0260	北京物资学院	北京
UNI0261	北京理工大学	北京
UNI0262	北京理工大学珠海学院	广东
UNI0263	北京电影学院现代创意媒体学院	山东
UNI0264	北京石油化工学院	北京
UNI0265	北京社会管理职业学院	北京
UNI0266	北京科技大学	北京
UNI0267	北京科技大学天津学院	天津
UNI0268	北京第二外国语学院	北京
UNI0269	北京第二外国语学院中瑞酒店管理学院	北京
UNI0270	北京经济技术职业学院	北京
UNI0271	北京经贸职业学院	北京
UNI0272	北京联合大学	北京
UNI0273	北京航空航天大学	北京
UNI0274	北京艺术传媒职业学院	北京
UNI0275	北京语言大学	北京
UNI0276	北京邮电大学	北京
UNI0277	北京邮电大学世纪学院	北京
UNI0278	北华大学	吉林
UNI0279	北华航天工业学院	河北
UNI0280	北方工业大学	北京
UNI0281	北方民族大学	宁夏
UNI0282	北方经贸学院	北京
UNI0283	北海职业学院	广西
UNI0284	北海艺术设计学院	广西
UNI0285	北部湾大学	广西
UNI0286	华东交通大学	江西
UNI0287	华东交通大学理工学院	江西
UNI0288	华东师范大学	上海
UNI0289	华东政法大学	上海
UNI0290	华东理工大学	上海
UNI0291	华中农业大学	湖北
UNI0292	华中师范大学	湖北
UNI0293	华中科技大学	湖北
UNI0294	华侨大学	福建
UNI0295	华北水利水电大学	河南
UNI0296	华北理工大学	河北
UNI0297	华北理工大学冀唐学院	河北
UNI0298	华北理工大学轻工学院	河北
UNI0299	华北电力大学	北京
UNI0300	华北电力大学保定校区	河北
UNI0301	华北电力大学科技学院	河北
UNI0302	华北科技学院	河北
UNI0303	华南农业大学	广东
UNI0304	华南农业大学珠江学院	广东
UNI0305	华南师范大学	广东
UNI0306	华南理工大学	广东
UNI0307	华南理工大学广州学院	广东
UNI0308	南京中医药大学	江苏
UNI0309	南京中医药大学翰林学院	江苏
UNI0310	南京信息工程大学	江苏
UNI0311	南京信息工程大学滨江学院	江苏
UNI0312	南京信息职业技术学院	江苏
UNI0313	南京农业大学	江苏
UNI0314	南京医科大学	江苏
UNI0315	南京城市职业学院	江苏
UNI0316	南京大学	江苏
UNI0317	南京大学金陵学院	江苏
UNI0318	南京审计大学	江苏
UNI0319	南京审计大学金审学院	江苏
UNI0320	南京工业大学	江苏
UNI0321	南京工业大学浦江学院	江苏
UNI0322	南京工业职业技术学院	江苏
UNI0323	南京工程学院	江苏
UNI0324	南京师范大学	江苏
UNI0325	南京师范大学中北学院	江苏
UNI0326	南京师范大学泰州学院	江苏
UNI0327	南京旅游职业学院	江苏
UNI0328	南京晓庄学院	江苏
UNI0329	南京林业大学	江苏
UNI0330	南京森林警察学院	江苏
UNI0331	南京特殊教育师范学院	江苏
UNI0332	南京理工大学	江苏
UNI0333	南京理工大学泰州科技学院	江苏
UNI0334	南京理工大学紫金学院	江苏
UNI0335	南京科技职业学院	江苏
UNI0336	南京航空航天大学	江苏
UNI0337	南京航空航天大学金城学院	江苏
UNI0338	南京艺术学院	江苏
UNI0339	南京财经大学	江苏
UNI0340	南京财经大学红山学院	江苏
UNI0341	南京邮电大学	江苏
UNI0342	南京邮电大学通达学院	江苏
UNI0343	南京铁道职业技术学院	江苏
UNI0344	南充职业技术学院	四川
UNI0345	南华大学	湖南
UNI0346	南华大学船山学院	湖南
UNI0347	南宁学院	广西
UNI0348	南宁师范大学	广西
UNI0349	南宁师范大学师园学院	广西
UNI0350	南宁职业技术学院	广西
UNI0351	南开大学	天津
UNI0352	南开大学滨海学院	天津
UNI0353	南方医科大学	广东
UNI0354	南方科技大学	广东
UNI0355	南昌大学	江西
UNI0356	南昌大学共青学院	江西
UNI0357	南昌大学抚州医学院	江西
UNI0358	南昌大学科学技术学院	江西
UNI0359	南昌工学院	江西
UNI0360	南昌工程学院	江西
UNI0361	南昌师范学院	江西
UNI0362	南昌影视传播职业学院	江西
UNI0363	南昌理工学院	江西
UNI0364	南昌职业大学	江西
UNI0365	南昌航空大学	江西
UNI0366	南昌航空大学科技学院	江西
UNI0367	南通大学	江苏
UNI0368	南通大学杏林学院	江苏
UNI0369	南通理工学院	江苏
UNI0370	南通科技职业学院	江苏
UNI0371	南通职业大学	江苏
UNI0372	南阳医学高等专科学校	河南
UNI0373	南阳师范学院	河南
UNI0374	南阳理工学院	河南
UNI0375	南阳职业学院	河南
UNI0376	博尔塔拉职业技术学院	新疆
UNI0377	厦门东海职业技术学院	福建
UNI0378	厦门兴才职业技术学院	福建
UNI0379	厦门医学院	福建
UNI0380	厦门华厦学院	福建
UNI0381	厦门华天涉外职业技术学院	福建
UNI0382	厦门南洋职业学院	福建
UNI0383	厦门城市职业学院	福建
UNI0384	厦门大学	福建
UNI0385	厦门大学嘉庚学院	福建
UNI0386	厦门安防科技职业学院	福建
UNI0387	厦门工学院	福建
UNI0388	厦门海洋职业技术学院	福建
UNI0389	厦门理工学院	福建
UNI0390	厦门软件职业技术学院	福建
UNI0391	台州学院	浙江
UNI0392	台州科技职业学院	浙江
UNI0393	右江民族医学院	广西
UNI0394	合肥学院	安徽
UNI0395	合肥工业大学	安徽
UNI0396	合肥工业大学宣城校区	安徽
UNI0397	吉安职业技术学院	江西
UNI0398	吉林交通职业技术学院	吉林
UNI0399	吉林农业大学	吉林
UNI0400	吉林农业科技学院	吉林
UNI0401	吉林动画学院	吉林
UNI0402	吉林化工学院	吉林
UNI0403	吉林医药学院	吉林
UNI0404	吉林司法警官职业学院	吉林
UNI0405	吉林外国语大学	吉林
UNI0406	吉林大学	吉林
UNI0407	吉林大学珠海学院	广东
UNI0408	吉林工业职业技术学院	吉林
UNI0409	吉林工商学院	吉林
UNI0410	吉林工程技术师范学院	吉林
UNI0411	吉林师范大学	吉林
UNI0412	吉林师范大学博达学院	吉林
UNI0413	吉林建筑大学	吉林
UNI0414	吉林建筑科技学院	吉林
UNI0415	吉林水利电力职业学院	吉林
UNI0416	吉林电子信息职业技术学院	吉林
UNI0417	吉林警察学院	吉林
UNI0418	吉林财经大学	吉林
UNI0419	吉林铁道职业技术学院	吉林
UNI0420	吉首大学	湖南
UNI0421	同济大学	上海
UNI0422	同济大学浙江学院	浙江
UNI0423	吐鲁番职业技术学院	新疆
UNI0424	吕梁学院	山西
UNI0425	周口师范学院	河南
UNI0426	周口职业技术学院	河南
UNI0427	呼伦贝尔学院	内蒙古
UNI0428	呼和浩特民族学院	内蒙古
UNI0429	呼和浩特职业学院	内蒙古
UNI0430	和田师范专科学校	新疆
UNI0431	咸宁职业技术学院	湖北
UNI0432	咸阳师范学院	陕西
UNI0433	咸阳职业技术学院	陕西
UNI0434	哈密职业技术学院	新疆
UNI0435	哈尔滨体育学院	黑龙江
UNI0436	哈尔滨信息工程学院	黑龙江
UNI0437	哈尔滨剑桥学院	黑龙江
UNI0438	哈尔滨医科大学	黑龙江
UNI0439	哈尔滨华德学院	黑龙江
UNI0440	哈尔滨商业大学	黑龙江
UNI0441	哈尔滨学院	黑龙江
UNI0442	哈尔滨工业大学	黑龙江
UNI0443	哈尔滨工业大学（威海）	山东
UNI0444	哈尔滨工业大学（深圳）	广东
UNI0445	哈尔滨工程大学	黑龙江
UNI0446	哈尔滨师范大学	黑龙江
UNI0447	哈尔滨广厦学院	黑龙江
UNI0448	哈尔滨理工大学	黑龙江
UNI0449	哈尔滨石油学院	黑龙江
UNI0450	哈尔滨科学技术职业学院	黑龙江
UNI0451	哈尔滨职业技术学院	黑龙江
UNI0452	哈尔滨远东理工学院	黑龙江
UNI0453	哈尔滨金融学院	黑龙江
UNI0454	哈尔滨铁道职业技术学院	黑龙江
UNI0455	唐山学院	河北
UNI0456	唐山工业职业技术学院	河北
UNI0457	唐山师范学院	河北
UNI0458	唐山幼儿师范高等专科学校	河北
UNI0459	唐山职业技术学院	河北
UNI0460	商丘医学高等专科学校	河南
UNI0461	商丘学院	河南
UNI0462	商丘师范学院	河南
UNI0463	商洛学院	陕西
UNI0464	商洛职业技术学院	陕西
UNI0465	嘉兴学院	浙江
UNI0466	嘉兴学院南湖学院	浙江
UNI0467	嘉兴职业技术学院	浙江
UNI0468	嘉应学院	广东
UNI0469	四川中医药高等专科学校	四川
UNI0470	四川交通职业技术学院	四川
UNI0471	四川传媒学院	四川
UNI0472	四川农业大学	四川
UNI0473	四川华新现代职业学院	四川
UNI0474	四川司法警官职业学院	四川
UNI0475	四川国际标榜职业学院	四川
UNI0476	四川外国语大学	重庆
UNI0477	四川外国语大学成都学院	四川
UNI0478	四川外国语大学重庆南方翻译学院	重庆
UNI0479	四川大学	四川
UNI0480	四川大学锦城学院	四川
UNI0481	四川大学锦江学院	四川
UNI0482	四川工业科技学院	四川
UNI0483	四川工商学院	四川
UNI0484	四川工程职业技术学院	四川
UNI0485	四川师范大学	四川
UNI0486	四川幼儿师范高等专科学校	四川
UNI0487	四川建筑职业技术学院	四川
UNI0488	四川护理职业学院	四川
UNI0489	四川文化产业职业学院	四川
UNI0490	四川文化艺术学院	四川
UNI0491	四川文理学院	四川
UNI0492	四川水利职业技术学院	四川
UNI0493	四川汽车职业技术学院	四川
UNI0494	四川科技职业学院	四川
UNI0495	四川美术学院	重庆
UNI0496	四川职业技术学院	四川
UNI0497	四川航天职业技术学院	四川
UNI0498	四川西南航空职业学院	四川
UNI0499	四川警察学院	四川
UNI0500	四川轻化工大学	四川
UNI0501	四川邮电职业技术学院	四川
UNI0502	四川音乐学院	四川
UNI0503	四平职业大学	吉林
UNI0504	国防科技大学	湖南
UNI0505	国际关系学院	北京
UNI0506	塔里木大学	新疆
UNI0507	复旦大学	上海
UNI0508	外交学院	北京
UNI0509	大兴安岭职业学院	黑龙江
UNI0510	大庆医学高等专科学校	黑龙江
UNI0511	大庆师范学院	黑龙江
UNI0512	大庆职业学院	黑龙江
UNI0513	大理农林职业技术学院	云南
UNI0514	大理大学	云南
UNI0515	大连东软信息学院	辽宁
UNI0516	大连交通大学	辽宁
UNI0517	大连医科大学	辽宁
UNI0518	大连医科大学中山学院	辽宁
UNI0519	大连外国语大学	辽宁
UNI0520	大连大学	辽宁
UNI0521	大连工业大学	辽宁
UNI0522	大连工业大学艺术与信息工程学院	辽宁
UNI0523	大连枫叶职业技术学院	辽宁
UNI0524	大连民族大学	辽宁
UNI0525	大连汽车职业技术学院	辽宁
UNI0526	大连海事大学	辽宁
UNI0527	大连海洋大学	辽宁
UNI0528	大连理工大学	辽宁
UNI0529	大连理工大学城市学院	辽宁
UNI0530	大连理工大学盘锦校区	辽宁
UNI0531	大连科技学院	辽宁
UNI0532	大连职业技术学院	辽宁
UNI0533	大连航运职业技术学院	辽宁
UNI0534	大连财经学院	辽宁
UNI0535	大连软件职业学院	辽宁
UNI0536	天府新区信息职业学院	四川
UNI0537	天府新区航空旅游职业学院	四川
UNI0538	天府新区通用航空职业学院	四川
UNI0539	天水师范学院	甘肃
UNI0540	天津中医药大学	天津
UNI0541	天津中德应用技术大学	天津
UNI0542	天津交通职业学院	天津
UNI0543	天津体育学院	天津
UNI0544	天津体育学院运动与文化艺术学院	天津
UNI0545	天津公安警官职业学院	天津
UNI0546	天津农学院	天津
UNI0547	天津医学高等专科学校	天津
UNI0548	天津医科大学	天津
UNI0549	天津医科大学临床医学院	天津
UNI0550	天津商业大学	天津
UNI0551	天津商业大学宝德学院	天津
UNI0552	天津商务职业学院	天津
UNI0553	天津国土资源和房屋职业学院	天津
UNI0554	天津城市建设管理职业技术学院	天津
UNI0555	天津城市职业学院	天津
UNI0556	天津城建大学	天津
UNI0557	天津外国语大学	天津
UNI0558	天津外国语大学滨海外事学院	天津
UNI0559	天津大学	天津
UNI0560	天津大学仁爱学院	天津
UNI0561	天津天狮学院	天津
UNI0562	天津工业大学	天津
UNI0563	天津工业职业学院	天津
UNI0564	天津工程职业技术学院	天津
UNI0565	天津师范大学	天津
UNI0566	天津师范大学津沽学院	天津
UNI0567	天津广播影视职业学院	天津
UNI0568	天津机电职业技术学院	天津
UNI0569	天津海运职业学院	天津
UNI0570	天津渤海职业技术学院	天津
UNI0571	天津滨海汽车工程职业学院	天津
UNI0572	天津滨海职业学院	天津
UNI0573	天津现代职业技术学院	天津
UNI0574	天津理工大学	天津
UNI0575	天津理工大学中环信息学院	天津
UNI0576	天津生物工程职业技术学院	天津
UNI0577	天津电子信息职业技术学院	天津
UNI0578	天津石油职业技术学院	天津
UNI0579	天津科技大学	天津
UNI0580	天津美术学院	天津
UNI0581	天津职业大学	天津
UNI0582	天津职业技术师范大学	天津
UNI0583	天津艺术职业学院	天津
UNI0584	天津财经大学	天津
UNI0585	天津财经大学珠江学院	天津
UNI0586	天津轻工职业技术学院	天津
UNI0587	天津铁道职业技术学院	天津
UNI0588	天津音乐学院	天津
UNI0589	太原学院	山西
UNI0590	太原工业学院	山西
UNI0591	太原师范学院	山西
UNI0592	太原理工大学	山西
UNI0593	太原理工大学现代科技学院	山西
UNI0594	太原科技大学	山西
UNI0595	太原科技大学华科学院	山西
UNI0596	太湖创意职业技术学院	江苏
UNI0597	威海职业学院	山东
UNI0598	娄底职业技术学院	湖南
UNI0599	宁夏医科大学	宁夏
UNI0600	宁夏大学	宁夏
UNI0601	宁夏大学新华学院	宁夏
UNI0602	宁夏工商职业技术学院	宁夏
UNI0603	宁夏师范学院	宁夏
UNI0604	宁夏建设职业技术学院	宁夏
UNI0605	宁夏民族职业技术学院	宁夏
UNI0606	宁夏理工学院	宁夏
UNI0607	宁夏警官职业学院	宁夏
UNI0608	宁夏财经职业技术学院	宁夏
UNI0609	宁德师范学院	福建
UNI0610	宁德职业技术学院	福建
UNI0611	宁波卫生职业技术学院	浙江
UNI0612	宁波城市职业技术学院	浙江
UNI0613	宁波大学	浙江
UNI0614	宁波大学科学技术学院	浙江
UNI0615	宁波工程学院	浙江
UNI0616	宁波职业技术学院	浙江
UNI0617	宁波诺丁汉大学	浙江
UNI0618	宁波财经学院	浙江
UNI0619	安庆医药高等专科学校	安徽
UNI0620	安庆师范大学	安徽
UNI0621	安康学院	陕西
UNI0622	安康职业技术学院	陕西
UNI0623	安徽中医药大学	安徽
UNI0624	安徽中医药高等专科学校	安徽
UNI0625	安徽农业大学	安徽
UNI0626	安徽医学高等专科学校	安徽
UNI0627	安徽医科大学	安徽
UNI0628	安徽医科大学临床医学院	安徽
UNI0629	安徽大学	安徽
UNI0630	安徽审计职业学院	安徽
UNI0631	安徽工业大学	安徽
UNI0632	安徽工程大学	安徽
UNI0633	安徽师范大学	安徽
UNI0634	安徽建筑大学	安徽
UNI0635	安徽建筑大学城市建设学院	安徽
UNI0636	安徽新闻出版职业技术学院	安徽
UNI0637	安徽水利水电职业技术学院	安徽
UNI0638	安徽理工大学	安徽
UNI0639	安徽电气工程职业技术学院	安徽
UNI0640	安徽科技学院	安徽
UNI0641	安徽职业技术学院	安徽
UNI0642	安徽财经大学	安徽
UNI0643	安徽财经大学商学院	安徽
UNI0644	安阳学院	河南
UNI0645	安阳工学院	河南
UNI0646	安阳师范学院	河南
UNI0647	安顺学院	贵州
UNI0648	安顺职业技术学院	贵州
UNI0649	宜宾学院	四川
UNI0650	宜宾职业技术学院	四川
UNI0651	宜春学院	江西
UNI0652	宜春幼儿师范高等专科学校	江西
UNI0653	宜春职业技术学院	江西
UNI0654	宝鸡文理学院	陕西
UNI0655	宝鸡职业技术学院	陕西
UNI0656	宣化科技职业学院	河北
UNI0657	宣城职业技术学院	安徽
UNI0658	宿州职业技术学院	安徽
UNI0659	宿迁学院	江苏
UNI0660	宿迁泽达职业技术学院	江苏
UNI0661	对外经济贸易大学	北京
UNI0662	山东中医药大学	山东
UNI0663	山东中医药高等专科学校	山东
UNI0664	山东交通学院	山东
UNI0665	山东交通职业学院	山东
UNI0666	山东体育学院	山东
UNI0667	山东信息职业技术学院	山东
UNI0668	山东农业大学	山东
UNI0669	山东力明科技职业学院	山东
UNI0670	山东劳动职业技术学院	山东
UNI0671	山东化工职业学院	山东
UNI0672	山东医学高等专科学校	山东
UNI0673	山东协和学院	山东
UNI0674	山东司法警官职业学院	山东
UNI0675	山东商业职业技术学院	山东
UNI0676	山东城市建设职业学院	山东
UNI0677	山东外贸职业学院	山东
UNI0678	山东大学	山东
UNI0679	山东大学（威海）	山东
UNI0680	山东女子学院	山东
UNI0681	山东工商学院	山东
UNI0682	山东师范大学	山东
UNI0683	山东建筑大学	山东
UNI0684	山东政法学院	山东
UNI0685	山东旅游职业学院	山东
UNI0686	山东服装职业学院	山东
UNI0687	山东水利职业学院	山东
UNI0688	山东海事职业学院	山东
UNI0689	山东现代学院	山东
UNI0690	山东理工大学	山东
UNI0691	山东电力高等专科学校	山东
UNI0692	山东电子职业技术学院	山东
UNI0693	山东畜牧兽医职业学院	山东
UNI0694	山东科技大学	山东
UNI0695	山东科技职业学院	山东
UNI0696	山东第一医科大学	山东
UNI0697	山东职业学院	山东
UNI0698	山东英才学院	山东
UNI0699	山东药品食品职业学院	山东
UNI0700	山东警察学院	山东
UNI0701	山东财经大学	山东
UNI0702	山东财经大学东方学院	山东
UNI0703	山东财经大学燕山学院	山东
UNI0704	山东铝业职业学院	山东
UNI0705	山西中医药大学	山西
UNI0706	山西交通职业技术学院	山西
UNI0707	山西传媒学院	山西
UNI0708	山西农业大学	山西
UNI0709	山西农业大学信息学院	山西
UNI0710	山西医科大学	山西
UNI0711	山西医科大学汾阳学院	山西
UNI0712	山西国际商务职业学院	山西
UNI0713	山西大同大学	山西
UNI0714	山西大学	山西
UNI0715	山西工程技术学院	山西
UNI0716	山西师范大学	山西
UNI0717	山西师范大学现代文理学院	山西
UNI0718	山西建筑职业技术学院	山西
UNI0719	山西机电职业技术学院	山西
UNI0720	山西林业职业技术学院	山西
UNI0721	山西水利职业技术学院	山西
UNI0722	山西老区职业技术学院	山西
UNI0723	山西艺术职业学院	山西
UNI0724	山西财经大学	山西
UNI0725	山西财经大学华商学院	山西
UNI0726	山西运城农业职业技术学院	山西
UNI0727	山西金融职业学院	山西
UNI0728	岭南师范学院	广东
UNI0729	岳阳职业技术学院	湖南
UNI0730	崇左幼儿师范高等专科学校	广西
UNI0731	嵩山少林武术职业学院	河南
UNI0732	川北医学院	四川
UNI0733	川北幼儿师范高等专科学校	四川
UNI0734	川南幼儿师范高等专科学校	四川
UNI0735	巴中职业技术学院	四川
UNI0736	巴音郭楞职业技术学院	新疆
UNI0737	常州信息职业技术学院	江苏
UNI0738	常州大学	江苏
UNI0739	常州大学怀德学院	江苏
UNI0740	常州工业职业技术学院	江苏
UNI0741	常州工学院	江苏
UNI0742	常州工程职业技术学院	江苏
UNI0743	常州纺织服装职业技术学院	江苏
UNI0744	常德职业技术学院	湖南
UNI0745	常熟理工学院	江苏
UNI0746	平顶山学院	河南
UNI0747	广东东软学院	广东
UNI0748	广东交通职业技术学院	广东
UNI0749	广东以色列理工学院	广东
UNI0750	广东信息工程职业学院	广东
UNI0751	广东农工商职业技术学院	广东
UNI0752	广东创新科技职业学院	广东
UNI0753	广东医科大学	广东
UNI0754	广东南华工商职业学院	广东
UNI0755	广东南方职业学院	广东
UNI0756	广东司法警官职业学院	广东
UNI0757	广东培正学院	广东
UNI0758	广东外语外贸大学	广东
UNI0759	广东外语外贸大学南国商学院	广东
UNI0760	广东女子职业技术学院	广东
UNI0761	广东岭南职业技术学院	广东
UNI0762	广东工业大学	广东
UNI0763	广东工业大学华立学院	广东
UNI0764	广东工商职业技术大学	广东
UNI0765	广东工程职业技术学院	广东
UNI0766	广东工贸职业技术学院	广东
UNI0767	广东建设职业技术学院	广东
UNI0768	广东技术师范大学	广东
UNI0769	广东技术师范大学天河学院	广东
UNI0770	广东文理职业学院	广东
UNI0771	广东机电职业技术学院	广东
UNI0772	广东水利电力职业技术学院	广东
UNI0773	广东海洋大学	广东
UNI0774	广东海洋大学寸金学院	广东
UNI0775	广东环境保护工程职业学院	广东
UNI0776	广东理工学院	广东
UNI0777	广东理工职业学院	广东
UNI0778	广东生态工程职业学院	广东
UNI0779	广东白云学院	广东
UNI0780	广东石油化工学院	广东
UNI0781	广东科学技术职业学院	广东
UNI0782	广东科技学院	广东
UNI0783	广东第二师范学院	广东
UNI0784	广东职业技术学院	广东
UNI0785	广东茂名幼儿师范专科学校	广东
UNI0786	广东药科大学	广东
UNI0787	广东警官学院	广东
UNI0788	广东财经大学	广东
UNI0789	广东财经大学华商学院	广东
UNI0790	广东轻工职业技术学院	广东
UNI0791	广东酒店管理职业技术学院	广东
UNI0792	广东金融学院	广东
UNI0793	广东食品药品职业学院	广东
UNI0794	广州东华职业学院	广东
UNI0795	广州中医药大学	广东
UNI0796	广州体育学院	广东
UNI0797	广州医科大学	广东
UNI0798	广州华南商贸职业学院	广东
UNI0799	广州华商职业学院	广东
UNI0800	广州华夏职业学院	广东
UNI0801	广州华立科技职业学院	广东
UNI0802	广州商学院	广东
UNI0803	广州城市职业学院	广东
UNI0804	广州城建职业学院	广东
UNI0805	广州大学	广东
UNI0806	广州大学华软软件学院	广东
UNI0807	广州大学松田学院	广东
UNI0808	广州工商学院	广东
UNI0809	广州工程技术职业学院	广东
UNI0810	广州民航职业技术学院	广东
UNI0811	广州涉外经济职业技术学院	广东
UNI0812	广州珠江职业技术学院	广东
UNI0813	广州番禺职业技术学院	广东
UNI0814	广州科技职业技术大学	广东
UNI0815	广州科技贸易职业学院	广东
UNI0816	广州航海学院	广东
UNI0817	广州铁路职业技术学院	广东
UNI0818	广西中医药大学	广西
UNI0819	广西中医药大学赛恩斯新医药学院	广西
UNI0820	广西交通职业技术学院	广西
UNI0821	广西体育高等专科学校	广西
UNI0822	广西农业职业技术学院	广西
UNI0823	广西医科大学	广西
UNI0824	广西卫生职业技术学院	广西
UNI0825	广西国际商务职业技术学院	广西
UNI0826	广西城市职业大学	广西
UNI0827	广西培贤国际职业学院	广西
UNI0828	广西外国语学院	广西
UNI0829	广西大学	广西
UNI0830	广西大学行健文理学院	广西
UNI0831	广西安全工程职业技术学院	广西
UNI0832	广西工业职业技术学院	广西
UNI0833	广西工商职业技术学院	广西
UNI0834	广西工程职业学院	广西
UNI0835	广西师范大学	广西
UNI0836	广西师范大学漓江学院	广西
UNI0837	广西幼儿师范高等专科学校	广西
UNI0838	广西建设职业技术学院	广西
UNI0839	广西教育学院	广西
UNI0840	广西机电职业技术学院	广西
UNI0841	广西民族大学	广西
UNI0842	广西民族大学相思湖学院	广西
UNI0843	广西民族师范学院	广西
UNI0844	广西水利电力职业技术学院	广西
UNI0845	广西演艺职业学院	广西
UNI0846	广西现代职业技术学院	广西
UNI0847	广西理工职业技术学院	广西
UNI0848	广西生态工程职业技术学院	广西
UNI0849	广西电力职业技术学院	广西
UNI0850	广西科技大学	广西
UNI0851	广西科技大学鹿山学院	广西
UNI0852	广西科技师范学院	广西
UNI0853	广西科技职业学院	广西
UNI0854	广西经济职业学院	广西
UNI0855	广西经贸职业技术学院	广西
UNI0856	广西职业师范学院	广西
UNI0857	广西职业技术学院	广西
UNI0858	广西自然资源职业技术学院	广西
UNI0859	广西艺术学院	广西
UNI0860	广西英华国际职业学院	广西
UNI0861	广西蓝天航空职业学院	广西
UNI0862	广西警察学院	广西
UNI0863	广西财经学院	广西
UNI0864	广西金融职业技术学院	广西
UNI0865	廊坊卫生职业学院	河北
UNI0866	廊坊师范学院	河北
UNI0867	廊坊燕京职业技术学院	河北
UNI0868	廊坊职业技术学院	河北
UNI0869	延安大学	陕西
UNI0870	延安大学西安创新学院	陕西
UNI0871	延安职业技术学院	陕西
UNI0872	延边大学	吉林
UNI0873	开封大学	河南
UNI0874	张家口学院	河北
UNI0875	张家界航空工业职业技术学院	湖南
UNI0876	徐州医科大学	江苏
UNI0877	徐州工业职业技术学院	江苏
UNI0878	徐州工程学院	江苏
UNI0879	徐州幼儿师范高等专科学校	江苏
UNI0880	徐州生物工程职业技术学院	江苏
UNI0881	德宏职业学院	云南
UNI0882	德州学院	山东
UNI0883	德州职业技术学院	山东
UNI0884	德阳科贸职业学院	四川
UNI0885	忻州师范学院	山西
UNI0886	忻州职业技术学院	山西
UNI0887	怀化学院	湖南
UNI0888	怀化职业技术学院	湖南
UNI0889	恩施职业技术学院	湖北
UNI0890	惠州卫生职业技术学院	广东
UNI0891	惠州城市职业学院	广东
UNI0892	惠州学院	广东
UNI0893	惠州经济职业技术学院	广东
UNI0894	成都东软学院	四川
UNI0895	成都中医药大学	四川
UNI0896	成都体育学院	四川
UNI0897	成都信息工程大学	四川
UNI0898	成都医学院	四川
UNI0899	成都大学	四川
UNI0900	成都工业学院	四川
UNI0901	成都文理学院	四川
UNI0902	成都理工大学	四川
UNI0903	成都理工大学工程技术学院	四川
UNI0904	成都纺织高等专科学校	四川
UNI0905	成都职业技术学院	四川
UNI0906	成都航空职业技术学院	四川
UNI0907	成都银杏酒店管理学院	四川
UNI0908	扬州中瑞酒店职业学院	江苏
UNI0909	扬州大学	江苏
UNI0910	扬州大学广陵学院	江苏
UNI0911	扬州工业职业技术学院	江苏
UNI0912	扬州市职业大学	江苏
UNI0913	承德医学院	河北
UNI0914	承德护理职业学院	河北
UNI0915	承德石油高等专科学校	河北
UNI0916	抚顺师范高等专科学校	辽宁
UNI0917	抚顺职业技术学院	辽宁
UNI0918	揭阳职业技术学院	广东
UNI0919	攀枝花学院	四川
UNI0920	文华学院	湖北
UNI0921	文山学院	云南
UNI0922	新乡医学院	河南
UNI0923	新乡医学院三全学院	河南
UNI0924	新乡学院	河南
UNI0925	新余学院	江西
UNI0926	新疆兵团警官高等专科学校	新疆
UNI0927	新疆农业大学	新疆
UNI0928	新疆农业大学科学技术学院	新疆
UNI0929	新疆农业职业技术学院	新疆
UNI0930	新疆医科大学	新疆
UNI0931	新疆医科大学厚博学院	新疆
UNI0932	新疆大学	新疆
UNI0933	新疆大学软件学院	新疆
UNI0934	新疆工业职业技术学院	新疆
UNI0935	新疆工程学院	新疆
UNI0936	新疆师范大学	新疆
UNI0937	新疆师范高等专科学校	新疆
UNI0938	新疆现代职业技术学院	新疆
UNI0939	新疆生产建设兵团兴新职业技术学院	新疆
UNI0940	新疆石河子职业技术学院	新疆
UNI0941	新疆科技学院	新疆
UNI0942	新疆职业大学	新疆
UNI0943	新疆警察学院	新疆
UNI0944	新疆财经大学	新疆
UNI0945	新疆铁道职业技术学院	新疆
UNI0946	无锡商业职业技术学院	江苏
UNI0947	无锡城市职业技术学院	江苏
UNI0948	无锡太湖学院	江苏
UNI0949	无锡工艺职业技术学院	江苏
UNI0950	无锡科技职业学院	江苏
UNI0951	无锡职业技术学院	江苏
UNI0952	日照职业技术学院	山东
UNI0953	昆山登云科技职业学院	江苏
UNI0954	昆明冶金高等专科学校	云南
UNI0955	昆明医科大学	云南
UNI0956	昆明医科大学海源学院	云南
UNI0957	昆明卫生职业学院	云南
UNI0958	昆明学院	云南
UNI0959	昆明工业职业技术学院	云南
UNI0960	昆明理工大学	云南
UNI0961	昆明理工大学津桥学院	云南
UNI0962	昆明艺术职业学院	云南
UNI0963	昆明铁道职业技术学院	云南
UNI0964	昭通学院	云南
UNI0965	晋中学院	山西
UNI0966	晋中师范高等专科学校	山西
UNI0967	晋中职业技术学院	山西
UNI0968	普洱学院	云南
UNI0969	景德镇学院	江西
UNI0970	景德镇陶瓷大学	江西
UNI0971	景德镇陶瓷职业技术学院	江西
UNI0972	暨南大学	广东
UNI0973	曲阜师范大学	山东
UNI0974	曲阜远东职业技术学院	山东
UNI0975	曲靖医学高等专科学校	云南
UNI0976	曲靖师范学院	云南
UNI0977	曹妃甸职业技术学院	河北
UNI0978	朔州师范高等专科学校	山西
UNI0979	朝阳师范高等专科学校	辽宁
UNI0980	杨凌职业技术学院	陕西
UNI0981	杭州万向职业技术学院	浙江
UNI0982	杭州医学院	浙江
UNI0983	杭州师范大学	浙江
UNI0984	杭州师范大学钱江学院	浙江
UNI0985	杭州电子科技大学	浙江
UNI0986	杭州电子科技大学信息工程学院	浙江
UNI0987	杭州科技职业技术学院	浙江
UNI0988	杭州职业技术学院	浙江
UNI0989	松原职业技术学院	吉林
UNI0990	枣庄学院	山东
UNI0991	枣庄科技职业学院	山东
UNI0992	枣庄职业学院	山东
UNI0993	柳州城市职业学院	广西
UNI0994	柳州职业技术学院	广西
UNI0995	柳州铁道职业技术学院	广西
UNI0996	桂林医学院	广西
UNI0997	桂林山水职业学院	广西
UNI0998	桂林师范高等专科学校	广西
UNI0999	桂林旅游学院	广西
UNI1000	桂林理工大学	广西
UNI1001	桂林理工大学博文管理学院	广西
UNI1002	桂林生命与健康职业技术学院	广西
UNI1003	桂林电子科技大学	广西
UNI1004	桂林电子科技大学信息科技学院	广西
UNI1005	桂林航天工业学院	广西
UNI1006	梧州学院	广西
UNI1007	梧州职业学院	广西
UNI1008	楚雄医药高等专科学校	云南
UNI1009	楚雄师范学院	云南
UNI1010	榆林学院	陕西
UNI1011	榆林职业技术学院	陕西
UNI1012	武夷学院	福建
UNI1013	武昌工学院	湖北
UNI1014	武昌理工学院	湖北
UNI1015	武昌职业学院	湖北
UNI1016	武昌首义学院	湖北
UNI1017	武汉东湖学院	湖北
UNI1018	武汉交通职业学院	湖北
UNI1019	武汉传媒学院	湖北
UNI1020	武汉体育学院	湖北
UNI1021	武汉体育学院体育科技学院	湖北
UNI1022	武汉信息传播职业技术学院	湖北
UNI1023	武汉光谷职业学院	湖北
UNI1024	武汉华夏理工学院	湖北
UNI1025	武汉商学院	湖北
UNI1026	武汉商贸职业学院	湖北
UNI1027	武汉城市职业学院	湖北
UNI1028	武汉外语外事职业学院	湖北
UNI1029	武汉大学	湖北
UNI1030	武汉学院	湖北
UNI1031	武汉工商学院	湖北
UNI1032	武汉工程大学	湖北
UNI1033	武汉工程大学邮电与信息工程学院	湖北
UNI1034	武汉工程科技学院	湖北
UNI1035	武汉工程职业技术学院	湖北
UNI1036	武汉文理学院	湖北
UNI1037	武汉晴川学院	湖北
UNI1038	武汉民政职业学院	湖北
UNI1039	武汉海事职业学院	湖北
UNI1040	武汉理工大学	湖北
UNI1041	武汉生物工程学院	湖北
UNI1042	武汉电力职业技术学院	湖北
UNI1043	武汉科技大学	湖北
UNI1044	武汉科技大学城市学院	湖北
UNI1045	武汉纺织大学	湖北
UNI1046	武汉纺织大学外经贸学院	湖北
UNI1047	武汉职业技术学院	湖北
UNI1048	武汉航海职业技术学院	湖北
UNI1049	武汉船舶职业技术学院	湖北
UNI1050	武汉警官职业学院	湖北
UNI1051	武汉设计工程学院	湖北
UNI1052	武汉软件工程职业学院	湖北
UNI1053	武汉轻工大学	湖北
UNI1054	武汉铁路桥梁职业学院	湖北
UNI1055	武汉铁路职业技术学院	湖北
UNI1056	武警警官学院	四川
UNI1057	毕节医学高等专科学校	贵州
UNI1058	毕节幼儿师范高等专科学校	贵州
UNI1059	永城职业学院	河南
UNI1060	永州职业技术学院	湖南
UNI1061	汉中职业技术学院	陕西
UNI1062	汉口学院	湖北
UNI1063	汉江师范学院	湖北
UNI1064	汕头大学	广东
UNI1065	汕头职业技术学院	广东
UNI1066	江南大学	江苏
UNI1067	江汉大学	湖北
UNI1068	江汉艺术职业学院	湖北
UNI1069	江海职业技术学院	江苏
UNI1070	江苏农林职业技术学院	江苏
UNI1071	江苏农牧科技职业学院	江苏
UNI1072	江苏医药职业学院	江苏
UNI1073	江苏卫生健康职业学院	江苏
UNI1074	江苏商贸职业学院	江苏
UNI1075	江苏城乡建设职业学院	江苏
UNI1076	江苏城市职业学院	江苏
UNI1077	江苏大学	江苏
UNI1078	江苏大学京江学院	江苏
UNI1079	江苏安全技术职业学院	江苏
UNI1080	江苏工程职业技术学院	江苏
UNI1081	江苏师范大学	江苏
UNI1082	江苏师范大学科文学院	江苏
UNI1083	江苏建筑职业技术学院	江苏
UNI1084	江苏护理职业学院	江苏
UNI1085	江苏海事职业技术学院	江苏
UNI1086	江苏海洋大学	江苏
UNI1087	江苏理工学院	江苏
UNI1088	江苏电子信息职业学院	江苏
UNI1089	江苏科技大学	江苏
UNI1090	江苏科技大学苏州理工学院	江苏
UNI1091	江苏第二师范学院	江苏
UNI1092	江苏经贸职业技术学院	江苏
UNI1093	江苏航空职业技术学院	江苏
UNI1094	江苏航运职业技术学院	江苏
UNI1095	江苏警官学院	江苏
UNI1096	江苏财经职业技术学院	江苏
UNI1097	江苏食品药品职业技术学院	江苏
UNI1098	江西中医药大学	江西
UNI1099	江西中医药大学科技学院	江西
UNI1100	江西中医药高等专科学校	江西
UNI1101	江西交通职业技术学院	江西
UNI1102	江西传媒职业学院	江西
UNI1103	江西信息应用职业技术学院	江西
UNI1104	江西农业大学	江西
UNI1105	江西农业大学南昌商学院	江西
UNI1106	江西农业工程职业学院	江西
UNI1107	江西冶金职业技术学院	江西
UNI1108	江西医学高等专科学校	江西
UNI1109	江西卫生职业学院	江西
UNI1110	江西司法警官职业学院	江西
UNI1111	江西外语外贸职业学院	江西
UNI1112	江西工业工程职业技术学院	江西
UNI1113	江西工业职业技术学院	江西
UNI1114	江西工商职业技术学院	江西
UNI1115	江西工程学院	江西
UNI1116	江西工程职业学院	江西
UNI1117	江西师范大学	江西
UNI1118	江西师范大学科学技术学院	江西
UNI1119	江西应用工程职业学院	江西
UNI1120	江西应用技术职业学院	江西
UNI1121	江西应用科技学院	江西
UNI1122	江西建设职业技术学院	江西
UNI1123	江西新能源科技职业学院	江西
UNI1124	江西服装学院	江西
UNI1125	江西机电职业技术学院	江西
UNI1126	江西枫林涉外经贸职业学院	江西
UNI1127	江西泰豪动漫职业学院	江西
UNI1128	江西洪州职业学院	江西
UNI1129	江西环境工程职业学院	江西
UNI1130	江西现代职业技术学院	江西
UNI1131	江西理工大学	江西
UNI1132	江西理工大学应用科学学院	江西
UNI1133	江西生物科技职业学院	江西
UNI1134	江西电力职业技术学院	江西
UNI1135	江西科技学院	江西
UNI1136	江西科技师范大学	江西
UNI1137	江西科技师范大学理工学院	江西
UNI1138	江西科技职业学院	江西
UNI1139	江西航空职业技术学院	江西
UNI1140	江西警察学院	江西
UNI1141	江西财经大学	江西
UNI1142	江西财经大学现代经济管理学院	江西
UNI1143	江西财经职业学院	江西
UNI1144	江西软件职业技术大学	江西
UNI1145	江西陶瓷工艺美术职业技术学院	江西
UNI1146	江门职业技术学院	广东
UNI1147	江阴职业技术学院	江苏
UNI1148	沈阳体育学院	辽宁
UNI1149	沈阳农业大学	辽宁
UNI1150	沈阳化工大学	辽宁
UNI1151	沈阳医学院	辽宁
UNI1152	沈阳城市学院	辽宁
UNI1153	沈阳城市建设学院	辽宁
UNI1154	沈阳大学	辽宁
UNI1155	沈阳工业大学	辽宁
UNI1156	沈阳工学院	辽宁
UNI1157	沈阳工程学院	辽宁
UNI1158	沈阳师范大学	辽宁
UNI1159	沈阳建筑大学	辽宁
UNI1160	沈阳理工大学	辽宁
UNI1161	沈阳科技学院	辽宁
UNI1162	沈阳职业技术学院	辽宁
UNI1163	沈阳航空航天大学	辽宁
UNI1164	沈阳药科大学	辽宁
UNI1165	沙洲职业工学院	江苏
UNI1166	沧州医学高等专科学校	河北
UNI1167	沧州师范学院	河北
UNI1168	沧州职业技术学院	河北
UNI1169	河北东方学院	河北
UNI1170	河北中医学院	河北
UNI1171	河北交通职业技术学院	河北
UNI1172	河北传媒学院	河北
UNI1173	河北农业大学	河北
UNI1174	河北农业大学现代科技学院	河北
UNI1175	河北化工医药职业技术学院	河北
UNI1176	河北北方学院	河北
UNI1177	河北医科大学	河北
UNI1178	河北医科大学临床学院	河北
UNI1179	河北司法警官职业学院	河北
UNI1180	河北地质大学	河北
UNI1181	河北地质大学华信学院	河北
UNI1182	河北外国语学院	河北
UNI1183	河北大学	河北
UNI1184	河北大学工商学院	河北
UNI1185	河北对外经贸职业学院	河北
UNI1186	河北工业大学	天津
UNI1187	河北工业大学城市学院	河北
UNI1188	河北工程大学	河北
UNI1189	河北工程大学科信学院	河北
UNI1190	河北工程技术学院	河北
UNI1191	河北师范大学	河北
UNI1192	河北师范大学汇华学院	河北
UNI1193	河北建材职业技术学院	河北
UNI1194	河北建筑工程学院	河北
UNI1195	河北政法职业学院	河北
UNI1196	河北旅游职业学院	河北
UNI1197	河北机电职业技术学院	河北
UNI1198	河北民族师范学院	河北
UNI1199	河北环境工程学院	河北
UNI1200	河北科技大学	河北
UNI1201	河北科技大学理工学院	河北
UNI1202	河北科技学院	河北
UNI1203	河北科技师范学院	河北
UNI1204	河北经贸大学	河北
UNI1205	河北经贸大学经济管理学院	河北
UNI1206	河北美术学院	河北
UNI1207	河北能源职业技术学院	河北
UNI1208	河北轨道运输职业技术学院	河北
UNI1209	河北金融学院	河北
UNI1210	河南中医药大学	河南
UNI1211	河南信息统计职业学院	河南
UNI1212	河南农业大学	河南
UNI1213	河南医学高等专科学校	河南
UNI1214	河南司法警官职业学院	河南
UNI1215	河南城建学院	河南
UNI1216	河南大学	河南
UNI1217	河南大学民生学院	河南
UNI1218	河南工业大学	河南
UNI1219	河南工业职业技术学院	河南
UNI1220	河南工学院	河南
UNI1221	河南工程学院	河南
UNI1222	河南师范大学	河南
UNI1223	河南师范大学新联学院	河南
UNI1224	河南护理职业学院	河南
UNI1225	河南推拿职业学院	河南
UNI1226	河南检察职业学院	河南
UNI1227	河南理工大学	河南
UNI1228	河南科技大学	河南
UNI1229	河南科技学院	河南
UNI1230	河南科技职业大学	河南
UNI1231	河南经贸职业学院	河南
UNI1232	河南职业技术学院	河南
UNI1233	河南财政金融学院	河南
UNI1234	河南财经政法大学	河南
UNI1235	河南质量工程职业学院	河南
UNI1236	河套学院	内蒙古
UNI1237	河池学院	广西
UNI1238	河海大学	江苏
UNI1239	河源职业技术学院	广东
UNI1240	泉州信息工程学院	福建
UNI1241	泉州医学高等专科学校	福建
UNI1242	泉州华光职业学院	福建
UNI1243	泉州工程职业技术学院	福建
UNI1244	泉州师范学院	福建
UNI1245	泉州幼儿师范高等专科学校	福建
UNI1246	泉州海洋职业学院	福建
UNI1247	泉州纺织服装职业学院	福建
UNI1248	泉州经贸职业技术学院	福建
UNI1249	泉州职业技术大学	福建
UNI1250	泉州轻工职业学院	福建
UNI1251	泰山学院	山东
UNI1252	泰山职业技术学院	山东
UNI1253	泰州学院	江苏
UNI1254	泰州职业技术学院	江苏
UNI1255	泸州职业技术学院	四川
UNI1256	洛阳师范学院	河南
UNI1257	洛阳理工学院	河南
UNI1258	洛阳科技职业学院	河南
UNI1259	洛阳职业技术学院	河南
UNI1260	济南大学	山东
UNI1261	济南大学泉城学院	山东
UNI1262	济南幼儿师范高等专科学校	山东
UNI1263	济南护理职业学院	山东
UNI1264	济南职业学院	山东
UNI1265	济宁医学院	山东
UNI1266	济宁学院	山东
UNI1267	济源职业技术学院	河南
UNI1268	浙大城市学院	浙江
UNI1269	浙大宁波理工学院	浙江
UNI1270	浙江万里学院	浙江
UNI1271	浙江中医药大学	浙江
UNI1272	浙江中医药大学滨江学院	浙江
UNI1273	浙江交通职业技术学院	浙江
UNI1274	浙江传媒学院	浙江
UNI1275	浙江农业商贸职业学院	浙江
UNI1276	浙江农林大学	浙江
UNI1277	浙江农林大学暨阳学院	浙江
UNI1278	浙江医药高等专科学校	浙江
UNI1279	浙江同济科技职业学院	浙江
UNI1280	浙江商业职业技术学院	浙江
UNI1281	浙江国际海运职业技术学院	浙江
UNI1282	浙江外国语学院	浙江
UNI1283	浙江大学	浙江
UNI1284	浙江工业大学	浙江
UNI1285	浙江工业大学之江学院	浙江
UNI1286	浙江工业职业技术学院	浙江
UNI1287	浙江工商大学	浙江
UNI1288	浙江工商大学杭州商学院	浙江
UNI1289	浙江工商职业技术学院	浙江
UNI1290	浙江工贸职业技术学院	浙江
UNI1291	浙江师范大学	浙江
UNI1292	浙江师范大学行知学院	浙江
UNI1293	浙江建设职业技术学院	浙江
UNI1294	浙江旅游职业学院	浙江
UNI1295	浙江机电职业技术学院	浙江
UNI1296	浙江树人学院	浙江
UNI1297	浙江横店影视职业学院	浙江
UNI1298	浙江水利水电学院	浙江
UNI1299	浙江海洋大学	浙江
UNI1300	浙江海洋大学东海科学技术学院	浙江
UNI1301	浙江理工大学	浙江
UNI1302	浙江理工大学科技与艺术学院	浙江
UNI1303	浙江科技学院	浙江
UNI1304	浙江纺织服装职业技术学院	浙江
UNI1305	浙江经济职业技术学院	浙江
UNI1306	浙江经贸职业技术学院	浙江
UNI1307	浙江舟山群岛新区旅游与健康职业学院	浙江
UNI1308	浙江警官职业学院	浙江
UNI1309	浙江财经大学	浙江
UNI1310	浙江财经大学东方学院	浙江
UNI1311	浙江越秀外国语学院	浙江
UNI1312	浙江邮电职业技术学院	浙江
UNI1313	浙江金融职业学院	浙江
UNI1314	浙江长征职业技术学院	浙江
UNI1315	海军军医大学	上海
UNI1316	海南体育职业技术学院	海南
UNI1317	海南健康管理职业技术学院	海南
UNI1318	海南医学院	海南
UNI1319	海南外国语职业学院	海南
UNI1320	海南大学	海南
UNI1321	海南工商职业学院	海南
UNI1322	海南师范大学	海南
UNI1323	海南政法职业学院	海南
UNI1324	海南热带海洋学院	海南
UNI1325	海南科技职业大学	海南
UNI1326	海南经贸职业技术学院	海南
UNI1327	海南职业技术学院	海南
UNI1328	海南软件职业技术学院	海南
UNI1329	海口经济学院	海南
UNI1330	淄博师范高等专科学校	山东
UNI1331	淮北师范大学	安徽
UNI1332	淮北师范大学信息学院	安徽
UNI1333	淮北职业技术学院	安徽
UNI1334	淮南师范学院	安徽
UNI1335	淮南职业技术学院	安徽
UNI1336	淮南联合大学	安徽
UNI1337	淮阴工学院	江苏
UNI1338	淮阴师范学院	江苏
UNI1339	深圳大学	广东
UNI1340	深圳职业技术学院	广东
UNI1341	清华大学	北京
UNI1342	清远职业技术学院	广东
UNI1343	渤海大学	辽宁
UNI1344	渤海理工职业学院	河北
UNI1345	渤海船舶职业学院	辽宁
UNI1346	温州医科大学	浙江
UNI1347	温州医科大学仁济学院	浙江
UNI1348	温州商学院	浙江
UNI1349	温州大学	浙江
UNI1350	温州大学瓯江学院	浙江
UNI1351	温州科技职业学院	浙江
UNI1352	温州职业技术学院	浙江
UNI1353	渭南师范学院	陕西
UNI1354	渭南职业技术学院	陕西
UNI1355	湄洲湾职业技术学院	福建
UNI1356	湖北三峡职业技术学院	湖北
UNI1357	湖北中医药大学	湖北
UNI1358	湖北中医药高等专科学校	湖北
UNI1359	湖北交通职业技术学院	湖北
UNI1360	湖北医药学院	湖北
UNI1361	湖北医药学院药护学院	湖北
UNI1362	湖北商贸学院	湖北
UNI1363	湖北国土资源职业学院	湖北
UNI1364	湖北城市建设职业技术学院	湖北
UNI1365	湖北大学	湖北
UNI1366	湖北大学知行学院	湖北
UNI1367	湖北工业大学	湖北
UNI1368	湖北工业大学工程技术学院	湖北
UNI1369	湖北工业职业技术学院	湖北
UNI1370	湖北工程学院	湖北
UNI1371	湖北工程学院新技术学院	湖北
UNI1372	湖北工程职业学院	湖北
UNI1373	湖北师范大学	湖北
UNI1374	湖北师范大学文理学院	湖北
UNI1375	湖北幼儿师范高等专科学校	湖北
UNI1376	湖北文理学院	湖北
UNI1377	湖北文理学院理工学院	湖北
UNI1378	湖北民族大学	湖北
UNI1379	湖北民族大学科技学院	湖北
UNI1380	湖北水利水电职业技术学院	湖北
UNI1381	湖北汽车工业学院	湖北
UNI1382	湖北汽车工业学院科技学院	湖北
UNI1383	湖北理工学院	湖北
UNI1384	湖北生态工程职业技术学院	湖北
UNI1385	湖北生物科技职业学院	湖北
UNI1386	湖北科技学院	湖北
UNI1387	湖北科技职业学院	湖北
UNI1388	湖北第二师范学院	湖北
UNI1389	湖北经济学院	湖北
UNI1390	湖北经济学院法商学院	湖北
UNI1391	湖北职业技术学院	湖北
UNI1392	湖北警官学院	湖北
UNI1393	湖北财税职业学院	湖北
UNI1394	湖北轻工职业技术学院	湖北
UNI1395	湖北青年职业学院	湖北
UNI1396	湖南三一工业职业技术学院	湖南
UNI1397	湖南中医药大学	湖南
UNI1398	湖南中医药大学湘杏学院	湖南
UNI1399	湖南中医药高等专科学校	湖南
UNI1400	湖南九嶷职业技术学院	湖南
UNI1401	湖南交通工程学院	湖南
UNI1402	湖南交通职业技术学院	湖南
UNI1403	湖南人文科技学院	湖南
UNI1404	湖南信息职业技术学院	湖南
UNI1405	湖南农业大学	湖南
UNI1406	湖南劳动人事职业学院	湖南
UNI1407	湖南化工职业技术学院	湖南
UNI1408	湖南医药学院	湖南
UNI1409	湖南司法警官职业学院	湖南
UNI1410	湖南吉利汽车职业技术学院	湖南
UNI1411	湖南商务职业技术学院	湖南
UNI1412	湖南城市学院	湖南
UNI1413	湖南城建职业技术学院	湖南
UNI1414	湖南外国语职业学院	湖南
UNI1415	湖南外贸职业学院	湖南
UNI1416	湖南大众传媒职业技术学院	湖南
UNI1417	湖南大学	湖南
UNI1418	湖南女子学院	湖南
UNI1419	湖南安全技术职业学院	湖南
UNI1420	湖南工业大学	湖南
UNI1421	湖南工业大学科技学院	湖南
UNI1422	湖南工业职业技术学院	湖南
UNI1423	湖南工商大学	湖南
UNI1424	湖南工商大学北津学院	湖南
UNI1425	湖南工学院	湖南
UNI1426	湖南工程学院	湖南
UNI1427	湖南工程职业技术学院	湖南
UNI1428	湖南工艺美术职业学院	湖南
UNI1429	湖南师范大学	湖南
UNI1430	湖南幼儿师范高等专科学校	湖南
UNI1431	湖南应用技术学院	湖南
UNI1432	湖南文理学院	湖南
UNI1433	湖南文理学院芙蓉学院	湖南
UNI1434	湖南有色金属职业技术学院	湖南
UNI1435	湖南机电职业技术学院	湖南
UNI1436	湖南水利水电职业技术学院	湖南
UNI1437	湖南汽车工程职业学院	湖南
UNI1438	湖南涉外经济学院	湖南
UNI1439	湖南环境生物职业技术学院	湖南
UNI1440	湖南现代物流职业技术学院	湖南
UNI1441	湖南理工学院	湖南
UNI1442	湖南理工学院南湖学院	湖南
UNI1443	湖南理工职业技术学院	湖南
UNI1444	湖南生物机电职业技术学院	湖南
UNI1445	湖南石油化工职业技术学院	湖南
UNI1446	湖南科技大学	湖南
UNI1447	湖南科技大学潇湘学院	湖南
UNI1448	湖南科技学院	湖南
UNI1449	湖南科技职业学院	湖南
UNI1450	湖南第一师范学院	湖南
UNI1451	湖南网络工程职业学院	湖南
UNI1452	湖南警察学院	湖南
UNI1453	湖南财政经济学院	湖南
UNI1454	湖南财经工业职业技术学院	湖南
UNI1455	湖南邮电职业技术学院	湖南
UNI1456	湖南铁路科技职业技术学院	湖南
UNI1457	湖南铁道职业技术学院	湖南
UNI1458	湖南食品药品职业学院	湖南
UNI1459	湖南高尔夫旅游职业学院	湖南
UNI1460	湖南高速铁路职业技术学院	湖南
UNI1461	湖州师范学院	浙江
UNI1462	湖州师范学院求真学院	浙江
UNI1463	湖州职业技术学院	浙江
UNI1464	湘中幼儿师范高等专科学校	湖南
UNI1465	湘南学院	湖南
UNI1466	湘南幼儿师范高等专科学校	湖南
UNI1467	湘潭医卫职业技术学院	湖南
UNI1468	湘潭大学	湖南
UNI1469	湘潭大学兴湘学院	湖南
UNI1470	湘西民族职业技术学院	湖南
UNI1471	湛江幼儿师范专科学校	广东
UNI1472	滇西应用技术大学	云南
UNI1473	滇西科技师范学院	云南
UNI1474	滨州医学院	山东
UNI1475	滨州学院	山东
UNI1476	滨州职业学院	山东
UNI1477	漯河医学高等专科学校	河南
UNI1478	漯河食品职业学院	河南
UNI1479	漳州卫生职业学院	福建
UNI1480	漳州城市职业学院	福建
UNI1481	漳州理工职业学院	福建
UNI1482	漳州科技职业学院	福建
UNI1483	漳州职业技术学院	福建
UNI1484	潇湘职业学院	湖南
UNI1485	潍坊医学院	山东
UNI1486	潍坊学院	山东
UNI1487	潍坊科技学院	山东
UNI1488	烟台南山学院	山东
UNI1489	烟台大学	山东
UNI1490	烟台大学文经学院	山东
UNI1491	烟台汽车工程职业学院	山东
UNI1492	烟台黄金职业学院	山东
UNI1493	焦作大学	河南
UNI1494	焦作师范高等专科学校	河南
UNI1495	燕京理工学院	河北
UNI1496	燕山大学	河北
UNI1497	燕山大学里仁学院	河北
UNI1498	牡丹江医学院	黑龙江
UNI1499	牡丹江大学	黑龙江
UNI1500	牡丹江师范学院	黑龙江
UNI1501	玉林师范学院	广西
UNI1502	玉柴职业技术学院	广西
UNI1503	玉溪师范学院	云南
UNI1504	现代软件学院	北京
UNI1505	珠海城市职业技术学院	广东
UNI1506	珠海艺术职业学院	广东
UNI1507	琼台师范学院	海南
UNI1508	甘肃中医药大学	甘肃
UNI1509	甘肃交通职业技术学院	甘肃
UNI1510	甘肃农业大学	甘肃
UNI1511	甘肃农业职业技术学院	甘肃
UNI1512	甘肃医学院	甘肃
UNI1513	甘肃卫生职业学院	甘肃
UNI1514	甘肃工业职业技术学院	甘肃
UNI1515	甘肃建筑职业技术学院	甘肃
UNI1516	甘肃政法大学	甘肃
UNI1517	甘肃有色冶金职业技术学院	甘肃
UNI1518	甘肃机电职业技术学院	甘肃
UNI1519	甘肃林业职业技术学院	甘肃
UNI1520	甘肃民族师范学院	甘肃
UNI1521	甘肃畜牧工程职业技术学院	甘肃
UNI1522	甘肃能源化工职业学院	甘肃
UNI1523	甘肃警察职业学院	甘肃
UNI1524	电子科技大学	四川
UNI1525	电子科技大学中山学院	广东
UNI1526	电子科技大学成都学院	四川
UNI1527	电子科技大学（沙河校区）	四川
UNI1528	白城医学高等专科学校	吉林
UNI1529	白城师范学院	吉林
UNI1530	白城职业技术学院	吉林
UNI1531	百色学院	广西
UNI1532	百色职业学院	广西
UNI1533	皖江工学院	安徽
UNI1534	益阳医学高等专科学校	湖南
UNI1535	益阳职业技术学院	湖南
UNI1536	盐城工业职业技术学院	江苏
UNI1537	盐城工学院	江苏
UNI1538	盐城师范学院	江苏
UNI1539	盐城幼儿师范高等专科学校	江苏
UNI1540	盘锦职业技术学院	辽宁
UNI1541	石家庄人民医学高等专科学校	河北
UNI1542	石家庄医学高等专科学校	河北
UNI1543	石家庄城市经济职业学院	河北
UNI1544	石家庄工商职业学院	河北
UNI1545	石家庄工程职业学院	河北
UNI1546	石家庄幼儿师范高等专科学校	河北
UNI1547	石家庄理工职业学院	河北
UNI1548	石家庄科技信息职业学院	河北
UNI1549	石家庄科技职业学院	河北
UNI1550	石家庄财经职业学院	河北
UNI1551	石家庄邮电职业技术学院	河北
UNI1552	石家庄铁路职业技术学院	河北
UNI1553	石家庄铁道大学	河北
UNI1554	石家庄铁道大学四方学院	河北
UNI1555	石河子大学	新疆
UNI1556	石河子工程职业技术学院	新疆
UNI1557	福州墨尔本理工职业学院	福建
UNI1558	福州外语外贸学院	福建
UNI1559	福州大学	福建
UNI1560	福州大学至诚学院	福建
UNI1561	福州工商学院	福建
UNI1562	福州理工学院	福建
UNI1563	福州职业技术学院	福建
UNI1564	福州英华职业学院	福建
UNI1565	福州软件职业技术学院	福建
UNI1566	福州黎明职业技术学院	福建
UNI1567	福建中医药大学	福建
UNI1568	福建信息职业技术学院	福建
UNI1569	福建农业职业技术学院	福建
UNI1570	福建农林大学	福建
UNI1571	福建农林大学金山学院	福建
UNI1572	福建医科大学	福建
UNI1573	福建华南女子职业学院	福建
UNI1574	福建卫生职业技术学院	福建
UNI1575	福建商学院	福建
UNI1576	福建工程学院	福建
UNI1577	福建师范大学	福建
UNI1578	福建师范大学协和学院	福建
UNI1579	福建幼儿师范高等专科学校	福建
UNI1580	福建林业职业技术学院	福建
UNI1581	福建水利电力职业技术学院	福建
UNI1582	福建江夏学院	福建
UNI1583	福建生物工程职业技术学院	福建
UNI1584	福建电力职业技术学院	福建
UNI1585	福建船政交通职业学院	福建
UNI1586	福建艺术职业学院	福建
UNI1587	私立华联学院	广东
UNI1588	秦皇岛职业技术学院	河北
UNI1589	空军军医大学	陕西
UNI1590	红河卫生职业学院	云南
UNI1591	红河学院	云南
UNI1592	绍兴文理学院	浙江
UNI1593	绍兴文理学院元培学院	浙江
UNI1594	绍兴职业技术学院	浙江
UNI1595	绥化学院	黑龙江
UNI1596	绵阳师范学院	四川
UNI1597	绵阳职业技术学院	四川
UNI1598	罗定职业技术学院	广东
UNI1599	聊城大学	山东
UNI1600	聊城大学东昌学院	山东
UNI1601	肇庆医学高等专科学校	广东
UNI1602	肇庆学院	广东
UNI1603	芜湖职业技术学院	安徽
UNI1604	苏州农业职业技术学院	江苏
UNI1605	苏州卫生职业技术学院	江苏
UNI1606	苏州大学	江苏
UNI1607	苏州大学应用技术学院	江苏
UNI1608	苏州大学文正学院	江苏
UNI1609	苏州工业园区服务外包职业学院	江苏
UNI1610	苏州工业职业技术学院	江苏
UNI1611	苏州工艺美术职业技术学院	江苏
UNI1612	苏州市职业大学	江苏
UNI1613	苏州托普信息职业技术学院	江苏
UNI1614	苏州百年职业学院	江苏
UNI1615	苏州科技大学	江苏
UNI1616	苏州科技大学天平学院	江苏
UNI1617	苏州经贸职业技术学院	江苏
UNI1618	苏州高博软件技术职业学院	江苏
UNI1619	茂名职业技术学院	广东
UNI1620	茅台学院	贵州
UNI1621	荆州理工职业学院	湖北
UNI1622	荆州职业技术学院	湖北
UNI1623	荆楚理工学院	湖北
UNI1624	荆门职业学院	湖北
UNI1625	莆田学院	福建
UNI1626	莱芜职业技术学院	山东
UNI1627	菏泽医学专科学校	山东
UNI1628	菏泽学院	山东
UNI1629	菏泽家政职业学院	山东
UNI1630	菏泽职业学院	山东
UNI1631	萍乡卫生职业学院	江西
UNI1632	萍乡学院	江西
UNI1633	营口理工学院	辽宁
UNI1634	蚌埠医学院	安徽
UNI1635	蚌埠学院	安徽
UNI1636	蚌埠经济技术职业学院	安徽
UNI1637	衡水学院	河北
UNI1638	衡阳师范学院	湖南
UNI1639	衡阳师范学院南岳学院	湖南
UNI1640	衢州学院	浙江
UNI1641	衢州职业技术学院	浙江
UNI1642	襄阳汽车职业技术学院	湖北
UNI1643	襄阳职业技术学院	湖北
UNI1644	西交利物浦大学	江苏
UNI1645	西京学院	陕西
UNI1646	西北农林科技大学	陕西
UNI1647	西北大学	陕西
UNI1648	西北工业大学	陕西
UNI1649	西北师范大学	甘肃
UNI1650	西北师范大学知行学院	甘肃
UNI1651	西北政法大学	陕西
UNI1652	西北民族大学	甘肃
UNI1653	西华大学	四川
UNI1654	西华师范大学	四川
UNI1655	西南交通大学	四川
UNI1656	西南交通大学希望学院	四川
UNI1657	西南医科大学	四川
UNI1658	西南大学	重庆
UNI1659	西南政法大学	重庆
UNI1660	西南林业大学	云南
UNI1661	西南民族大学	四川
UNI1662	西南石油大学	四川
UNI1663	西南科技大学	四川
UNI1664	西南科技大学城市学院	四川
UNI1665	西南财经大学	四川
UNI1666	西南财经大学天府学院	四川
UNI1667	西双版纳职业技术学院	云南
UNI1668	西宁城市职业技术学院	青海
UNI1669	西安交通大学	陕西
UNI1670	西安交通大学城市学院	陕西
UNI1671	西安交通工程学院	陕西
UNI1672	西安体育学院	陕西
UNI1673	西安信息职业大学	陕西
UNI1674	西安医学院	陕西
UNI1675	西安医学高等专科学校	陕西
UNI1676	西安城市建设职业学院	陕西
UNI1677	西安培华学院	陕西
UNI1678	西安外事学院	陕西
UNI1679	西安外国语大学	陕西
UNI1680	西安工业大学	陕西
UNI1681	西安工商学院	陕西
UNI1682	西安工程大学	陕西
UNI1683	西安建筑科技大学	陕西
UNI1684	西安建筑科技大学华清学院	陕西
UNI1685	西安思源学院	陕西
UNI1686	西安文理学院	陕西
UNI1687	西安欧亚学院	陕西
UNI1688	西安汽车职业大学	陕西
UNI1689	西安海棠职业学院	陕西
UNI1690	西安理工大学	陕西
UNI1691	西安理工大学高科学院	陕西
UNI1692	西安电力高等专科学校	陕西
UNI1693	西安电子科技大学	陕西
UNI1694	西安石油大学	陕西
UNI1695	西安科技大学	陕西
UNI1696	西安科技大学高新学院	陕西
UNI1697	西安美术学院	陕西
UNI1698	西安翻译学院	陕西
UNI1699	西安职业技术学院	陕西
UNI1700	西安航空学院	陕西
UNI1701	西安航空职业技术学院	陕西
UNI1702	西安财经大学	陕西
UNI1703	西安财经大学行知学院	陕西
UNI1704	西安邮电大学	陕西
UNI1705	西安铁路职业技术学院	陕西
UNI1706	西安音乐学院	陕西
UNI1707	西安高新科技职业学院	陕西
UNI1708	西藏大学	西藏
UNI1709	西藏民族大学	陕西
UNI1710	西藏职业技术学院	西藏
UNI1711	西藏藏医药大学	西藏
UNI1712	许昌学院	河南
UNI1713	许昌电气职业学院	河南
UNI1714	豫章师范学院	江西
UNI1715	贵州中医药大学	贵州
UNI1716	贵州中医药大学时珍学院	贵州
UNI1717	贵州交通职业技术学院	贵州
UNI1718	贵州农业职业学院	贵州
UNI1719	贵州医科大学	贵州
UNI1720	贵州医科大学神奇民族医药学院	贵州
UNI1721	贵州商学院	贵州
UNI1722	贵州大学	贵州
UNI1723	贵州大学明德学院	贵州
UNI1724	贵州大学科技学院	贵州
UNI1725	贵州师范大学	贵州
UNI1726	贵州师范大学求是学院	贵州
UNI1727	贵州师范学院	贵州
UNI1728	贵州建设职业技术学院	贵州
UNI1729	贵州民族大学	贵州
UNI1730	贵州理工学院	贵州
UNI1731	贵州电力职业技术学院	贵州
UNI1732	贵州电子信息职业技术学院	贵州
UNI1733	贵州盛华职业学院	贵州
UNI1734	贵州装备制造职业学院	贵州
UNI1735	贵州警察学院	贵州
UNI1736	贵州财经大学	贵州
UNI1737	贵州财经大学商务学院	贵州
UNI1738	贵州轻工职业技术学院	贵州
UNI1739	贵阳学院	贵州
UNI1740	贵阳幼儿师范高等专科学校	贵州
UNI1741	贵阳护理职业学院	贵州
UNI1742	贵阳职业技术学院	贵州
UNI1743	贺州学院	广西
UNI1744	赣南医学院	江西
UNI1745	赣南卫生健康职业学院	江西
UNI1746	赣南师范大学	江西
UNI1747	赣南师范大学科技学院	江西
UNI1748	赣州师范高等专科学校	江西
UNI1749	赣西科技职业学院	江西
UNI1750	赤峰学院	内蒙古
UNI1751	辽东学院	辽宁
UNI1752	辽宁中医药大学	辽宁
UNI1753	辽宁中医药大学杏林学院	辽宁
UNI1754	辽宁传媒学院	辽宁
UNI1755	辽宁何氏医学院	辽宁
UNI1756	辽宁农业职业技术学院	辽宁
UNI1757	辽宁医药职业学院	辽宁
UNI1758	辽宁地质工程职业学院	辽宁
UNI1759	辽宁大学	辽宁
UNI1760	辽宁对外经贸学院	辽宁
UNI1761	辽宁工业大学	辽宁
UNI1762	辽宁工程技术大学	辽宁
UNI1763	辽宁工程职业学院	辽宁
UNI1764	辽宁师范大学	辽宁
UNI1765	辽宁师范大学海华学院	辽宁
UNI1766	辽宁广告职业学院	辽宁
UNI1767	辽宁建筑职业学院	辽宁
UNI1768	辽宁政法职业学院	辽宁
UNI1769	辽宁机电职业技术学院	辽宁
UNI1770	辽宁民族师范高等专科学校	辽宁
UNI1771	辽宁特殊教育师范高等专科学校	辽宁
UNI1772	辽宁理工学院	辽宁
UNI1773	辽宁省交通高等专科学校	辽宁
UNI1774	辽宁石化职业技术学院	辽宁
UNI1775	辽宁石油化工大学	辽宁
UNI1776	辽宁科技大学	辽宁
UNI1777	辽宁科技学院	辽宁
UNI1778	辽宁经济职业技术学院	辽宁
UNI1779	辽宁职业学院	辽宁
UNI1780	辽宁装备制造职业技术学院	辽宁
UNI1781	辽宁财贸学院	辽宁
UNI1782	辽宁轨道交通职业学院	辽宁
UNI1783	辽宁轻工职业学院	辽宁
UNI1784	辽宁金融职业学院	辽宁
UNI1785	辽宁铁道职业技术学院	辽宁
UNI1786	辽源职业技术学院	吉林
UNI1787	辽阳职业技术学院	辽宁
UNI1788	运城学院	山西
UNI1789	运城师范高等专科学校	山西
UNI1790	运城幼儿师范高等专科学校	山西
UNI1791	运城护理职业学院	山西
UNI1792	运城职业技术学院	山西
UNI1793	连云港师范高等专科学校	江苏
UNI1794	连云港职业技术学院	江苏
UNI1795	通化师范学院	吉林
UNI1796	遵义医科大学	贵州
UNI1797	遵义医科大学医学与科技学院	贵州
UNI1798	遵义医药高等专科学校	贵州
UNI1799	遵义师范学院	贵州
UNI1800	遵义职业技术学院	贵州
UNI1801	邢台医学高等专科学校	河北
UNI1802	邢台学院	河北
UNI1803	邢台职业技术学院	河北
UNI1804	邯郸学院	河北
UNI1805	邯郸职业技术学院	河北
UNI1806	邵阳学院	湖南
UNI1807	郑州升达经贸管理学院	河南
UNI1808	郑州商学院	河南
UNI1809	郑州大学	河南
UNI1810	郑州工业应用技术学院	河南
UNI1811	郑州工商学院	河南
UNI1812	郑州工程技术学院	河南
UNI1813	郑州师范学院	河南
UNI1814	郑州旅游职业学院	河南
UNI1815	郑州澍青医学高等专科学校	河南
UNI1816	郑州电力高等专科学校	河南
UNI1817	郑州科技学院	河南
UNI1818	郑州职业技术学院	河南
UNI1819	郑州航空工业管理学院	河南
UNI1820	郑州财经学院	河南
UNI1821	郑州轻工业大学	河南
UNI1822	郑州铁路职业技术学院	河南
UNI1823	郴州职业技术学院	湖南
UNI1824	鄂尔多斯应用技术学院	内蒙古
UNI1825	鄂州职业大学	湖北
UNI1826	酒泉职业技术学院	甘肃
UNI1827	重庆三峡医药高等专科学校	重庆
UNI1828	重庆三峡学院	重庆
UNI1829	重庆交通大学	重庆
UNI1830	重庆交通职业学院	重庆
UNI1831	重庆人文科技学院	重庆
UNI1832	重庆传媒职业学院	重庆
UNI1833	重庆信息技术职业学院	重庆
UNI1834	重庆公共运输职业学院	重庆
UNI1835	重庆化工职业学院	重庆
UNI1836	重庆医科大学	重庆
UNI1837	重庆商务职业学院	重庆
UNI1838	重庆城市管理职业学院	重庆
UNI1839	重庆大学	重庆
UNI1840	重庆大学城市科技学院	重庆
UNI1841	重庆安全技术职业学院	重庆
UNI1842	重庆工业职业技术学院	重庆
UNI1843	重庆工商大学	重庆
UNI1844	重庆工商大学派斯学院	重庆
UNI1845	重庆工商大学融智学院	重庆
UNI1846	重庆工商职业学院	重庆
UNI1847	重庆工程学院	重庆
UNI1848	重庆工程职业技术学院	重庆
UNI1849	重庆工贸职业技术学院	重庆
UNI1850	重庆师范大学	重庆
UNI1851	重庆师范大学涉外商贸学院	重庆
UNI1852	重庆幼儿师范高等专科学校	重庆
UNI1853	重庆应用技术职业学院	重庆
UNI1854	重庆建筑工程职业学院	重庆
UNI1855	重庆建筑科技职业学院	重庆
UNI1856	重庆文化艺术职业学院	重庆
UNI1857	重庆文理学院	重庆
UNI1858	重庆旅游职业学院	重庆
UNI1859	重庆机电职业技术大学	重庆
UNI1860	重庆水利电力职业技术学院	重庆
UNI1861	重庆海联职业技术学院	重庆
UNI1862	重庆理工大学	重庆
UNI1863	重庆电信职业学院	重庆
UNI1864	重庆电力高等专科学校	重庆
UNI1865	重庆电子工程职业学院	重庆
UNI1866	重庆电讯职业学院	重庆
UNI1867	重庆科创职业学院	重庆
UNI1868	重庆科技学院	重庆
UNI1869	重庆科技职业学院	重庆
UNI1870	重庆第二师范学院	重庆
UNI1871	重庆能源职业学院	重庆
UNI1872	重庆航天职业技术学院	重庆
UNI1873	重庆艺术工程职业学院	重庆
UNI1874	重庆财经职业学院	重庆
UNI1875	重庆资源与环境保护职业学院	重庆
UNI1876	重庆邮电大学	重庆
UNI1877	重庆邮电大学移通学院	重庆
UNI1878	金华职业技术学院	浙江
UNI1879	金陵科技学院	江苏
UNI1880	铁岭卫生职业学院	辽宁
UNI1881	铁岭师范高等专科学校	辽宁
UNI1882	铁道警察学院	河南
UNI1883	铜仁学院	贵州
UNI1884	铜仁幼儿师范高等专科学校	贵州
UNI1885	铜仁职业技术学院	贵州
UNI1886	铜川职业技术学院	陕西
UNI1887	铜陵学院	安徽
UNI1888	银川能源学院	宁夏
UNI1889	锡林郭勒职业学院	内蒙古
UNI1890	锦州医科大学	辽宁
UNI1891	锦州医科大学医疗学院	辽宁
UNI1892	锦州师范高等专科学校	辽宁
UNI1893	镇江市高等专科学校	江苏
UNI1894	长垣烹饪职业技术学院	河南
UNI1895	长安大学	陕西
UNI1896	长春中医药大学	吉林
UNI1897	长春健康职业学院	吉林
UNI1898	长春光华学院	吉林
UNI1899	长春医学高等专科学校	吉林
UNI1900	长春大学	吉林
UNI1901	长春大学旅游学院	吉林
UNI1902	长春工业大学	吉林
UNI1903	长春工业大学人文信息学院	吉林
UNI1904	长春工程学院	吉林
UNI1905	长春师范大学	吉林
UNI1906	长春师范高等专科学校	吉林
UNI1907	长春建筑学院	吉林
UNI1908	长春汽车工业高等专科学校	吉林
UNI1909	长春理工大学	吉林
UNI1910	长春理工大学光电信息学院	吉林
UNI1911	长春科技学院	吉林
UNI1912	长春职业技术学院	吉林
UNI1913	长春财经学院	吉林
UNI1914	长春金融高等专科学校	吉林
UNI1915	长江大学	湖北
UNI1916	长江大学工程技术学院	湖北
UNI1917	长江大学文理学院	湖北
UNI1918	长江工程职业技术学院	湖北
UNI1919	长江师范学院	重庆
UNI1920	长江职业学院	湖北
UNI1921	长江艺术工程职业学院	湖北
UNI1922	长沙医学院	湖南
UNI1923	长沙南方职业学院	湖南
UNI1924	长沙卫生职业学院	湖南
UNI1925	长沙商贸旅游职业技术学院	湖南
UNI1926	长沙学院	湖南
UNI1927	长沙师范学院	湖南
UNI1928	长沙民政职业技术学院	湖南
UNI1929	长沙环境保护职业技术学院	湖南
UNI1930	长沙理工大学	湖南
UNI1931	长沙理工大学城南学院	湖南
UNI1932	长沙职业技术学院	湖南
UNI1933	长沙航空职业技术学院	湖南
UNI1934	长治医学院	山西
UNI1935	长治学院	山西
UNI1936	长白山职业技术学院	吉林
UNI1937	闽北职业技术学院	福建
UNI1938	闽南师范大学	福建
UNI1939	闽南理工学院	福建
UNI1940	闽南科技学院	福建
UNI1941	闽江学院	福建
UNI1942	闽江师范高等专科学校	福建
UNI1943	闽西职业技术学院	福建
UNI1944	阜新高等专科学校	辽宁
UNI1945	阜阳师范大学	安徽
UNI1946	防灾科技学院	河北
UNI1947	阳光学院	福建
UNI1948	阳泉师范高等专科学校	山西
UNI1949	阿坝师范学院	四川
UNI1950	陆军军医大学	重庆
UNI1951	陇东学院	甘肃
UNI1952	陇南师范高等专科学校	甘肃
UNI1953	陕西中医药大学	陕西
UNI1954	陕西交通职业技术学院	陕西
UNI1955	陕西国防工业职业技术学院	陕西
UNI1956	陕西国际商贸学院	陕西
UNI1957	陕西学前师范学院	陕西
UNI1958	陕西工业职业技术学院	陕西
UNI1959	陕西工商职业学院	陕西
UNI1960	陕西师范大学	陕西
UNI1961	陕西旅游烹饪职业学院	陕西
UNI1962	陕西服装工程学院	陕西
UNI1963	陕西机电职业技术学院	陕西
UNI1964	陕西理工大学	陕西
UNI1965	陕西电子信息职业技术学院	陕西
UNI1966	陕西科技大学	陕西
UNI1967	陕西经济管理职业技术学院	陕西
UNI1968	陕西职业技术学院	陕西
UNI1969	陕西能源职业技术学院	陕西
UNI1970	陕西航空职业技术学院	陕西
UNI1971	陕西艺术职业学院	陕西
UNI1972	陕西警官职业学院	陕西
UNI1973	陕西财经职业技术学院	陕西
UNI1974	陕西邮电职业技术学院	陕西
UNI1975	陕西铁路工程职业技术学院	陕西
UNI1976	陕西青年职业学院	陕西
UNI1977	随州职业技术学院	湖北
UNI1978	雅安职业技术学院	四川
UNI1979	集宁师范学院	内蒙古
UNI1980	集美大学	福建
UNI1981	集美大学诚毅学院	福建
UNI1982	青岛农业大学	山东
UNI1983	青岛农业大学海都学院	山东
UNI1984	青岛大学	山东
UNI1985	青岛工学院	山东
UNI1986	青岛恒星科技学院	山东
UNI1987	青岛求实职业技术学院	山东
UNI1988	青岛港湾职业技术学院	山东
UNI1989	青岛滨海学院	山东
UNI1990	青岛理工大学	山东
UNI1991	青岛理工大学琴岛学院	山东
UNI1992	青岛科技大学	山东
UNI1993	青岛职业技术学院	山东
UNI1994	青岛远洋船员职业学院	山东
UNI1995	青岛酒店管理职业技术学院	山东
UNI1996	青岛黄海学院	山东
UNI1997	青海交通职业技术学院	青海
UNI1998	青海卫生职业技术学院	青海
UNI1999	青海大学	青海
UNI2000	青海大学昆仑学院	青海
UNI2001	青海师范大学	青海
UNI2002	青海建筑职业技术学院	青海
UNI2003	青海柴达木职业技术学院	青海
UNI2004	青海民族大学	青海
UNI2005	青海畜牧兽医职业技术学院	青海
UNI2006	青海警官职业学院	青海
UNI2007	青海高等职业技术学院	青海
UNI2008	鞍山师范学院	辽宁
UNI2009	韩山师范学院	广东
UNI2010	韶关学院	广东
UNI2011	顺德职业技术学院	广东
UNI2012	首都医科大学	北京
UNI2013	首都师范大学	北京
UNI2014	首都师范大学科德学院	北京
UNI2015	首都经济贸易大学	北京
UNI2016	香港中文大学（深圳）	广东
UNI2017	鲁东大学	山东
UNI2018	鹤壁职业技术学院	河南
UNI2019	鹤岗师范高等专科学校	黑龙江
UNI2020	黄冈师范学院	湖北
UNI2021	黄冈科技职业学院	湖北
UNI2022	黄冈职业技术学院	湖北
UNI2023	黄河水利职业技术学院	河南
UNI2024	黄河科技学院	河南
UNI2025	黄淮学院	河南
UNI2026	黎明职业大学	福建
UNI2027	黑河学院	黑龙江
UNI2028	黑龙江三江美术职业学院	黑龙江
UNI2029	黑龙江东方学院	黑龙江
UNI2030	黑龙江中医药大学	黑龙江
UNI2031	黑龙江交通职业技术学院	黑龙江
UNI2032	黑龙江八一农垦大学	黑龙江
UNI2033	黑龙江农业工程职业学院	黑龙江
UNI2034	黑龙江农业经济职业学院	黑龙江
UNI2035	黑龙江农业职业技术学院	黑龙江
UNI2036	黑龙江农垦科技职业学院	黑龙江
UNI2037	黑龙江农垦职业学院	黑龙江
UNI2038	黑龙江司法警官职业学院	黑龙江
UNI2039	黑龙江商业职业学院	黑龙江
UNI2040	黑龙江外国语学院	黑龙江
UNI2041	黑龙江大学	黑龙江
UNI2042	黑龙江工业学院	黑龙江
UNI2043	黑龙江工商学院	黑龙江
UNI2044	黑龙江工程学院	黑龙江
UNI2045	黑龙江幼儿师范高等专科学校	黑龙江
UNI2046	黑龙江建筑职业技术学院	黑龙江
UNI2047	黑龙江护理高等专科学校	黑龙江
UNI2048	黑龙江旅游职业技术学院	黑龙江
UNI2049	黑龙江林业职业技术学院	黑龙江
UNI2050	黑龙江民族职业学院	黑龙江
UNI2051	黑龙江生态工程职业学院	黑龙江
UNI2052	黑龙江生物科技职业学院	黑龙江
UNI2053	黑龙江科技大学	黑龙江
UNI2054	黑龙江职业学院	黑龙江
UNI2055	黑龙江能源职业学院	黑龙江
UNI2056	黑龙江艺术职业学院	黑龙江
UNI2057	黑龙江财经学院	黑龙江
UNI2058	黔东南民族职业技术学院	贵州
UNI2059	黔南民族医学高等专科学校	贵州
UNI2060	黔南民族师范学院	贵州
UNI2061	黔南民族幼儿师范高等专科学校	贵州
UNI2062	黔南民族职业技术学院	贵州
UNI2063	黔西南民族职业技术学院	贵州
UNI2064	齐鲁医药学院	山东
UNI2065	齐鲁工业大学	山东
UNI2066	齐鲁理工学院	山东
UNI2067	齐齐哈尔医学院	黑龙江
UNI2068	齐齐哈尔大学	黑龙江
UNI2069	齐齐哈尔工程学院	黑龙江
UNI2070	齐齐哈尔高等师范专科学校	黑龙江
UNI2071	龙岩学院	福建
